INCIDENT_KEY,OCCUR_DATE,OCCUR_TIME,BORO,PRECINCT,JURISDICTION_CODE,LOCATION_DESC,STATISTICAL_MURDER_FLAG,PERP_AGE_GROUP,PERP_SEX,PERP_RACE,VIC_AGE_GROUP,VIC_SEX,VIC_RACE,X_COORD_CD,Y_COORD_CD,Lon_Lat,X_COORD_NORM,Y_COORD_NORM,Longitude,Latitude
224465522,02/16/2021,20:58:00,MANHATTAN,13,0,HOSPITAL,FALSE,NA,NA,NA,18-24,M,BLACK,990769,208776,POINT (-73.97647696499997 40.73972433900008),-18685.5586374472,882.223092553759,-73.97647696500003,40.73972433900009
226705487,04/08/2021,18:15:00,MANHATTAN,6,0,NA,FALSE,18-24,M,BLACK,18-24,M,BLACK,984288,205504,POINT (-73.99986434 40.73074590600004),-25166.5586374472,-2389.77690744624,-73.99986434000002,40.73074590600001
226705487,04/08/2021,18:15:00,MANHATTAN,6,0,NA,FALSE,25-44,M,BLACK,18-24,M,BLACK,984288,205504,POINT (-73.99986434 40.73074590600004),-25166.5586374472,-2389.77690744624,-73.99986434000002,40.73074590600001
223240541,01/18/2021,20:39:00,MANHATTAN,9,0,NA,TRUE,NA,NA,NA,25-44,M,BLACK,989559,202085,POINT (-73.98084865299995 40.72135998800008),-19895.5586374472,-5808.77690744624,-73.98084865300001,40.721359988000096
232888020,08/29/2021,21:43:00,MANHATTAN,7,0,NA,FALSE,25-44,F,BLACK,25-44,M,BLACK,987050,201534,POINT (-73.98990037199997 40.71984877500006),-22404.5586374472,-6359.77690744624,-73.98990037200001,40.719848775000095
229995493,06/23/2021,23:18:00,MANHATTAN,13,0,NA,FALSE,25-44,M,WHITE HISPANIC,25-44,M,WHITE HISPANIC,988886,207857,POINT (-73.98327259799999 40.737203099000055),-20568.5586374472,-36.7769074462412,-73.98327259800001,40.7372030990001
235498961,10/25/2021,16:57:00,MANHATTAN,13,1,NA,FALSE,25-44,M,BLACK,25-44,M,WHITE,986546,207135,POINT (-73.99171665499993 40.73522230400005),-22908.5586374472,-758.776907446241,-73.99171665499992,40.7352223040001
229347036,06/10/2021,00:22:00,MANHATTAN,10,0,NA,TRUE,25-44,M,BLACK,25-44,M,BLACK,983423,209491,POINT (-74.00298585099996 40.741689200000046),-26031.5586374472,1597.22309255376,-74.00298585100003,40.741689199999996
232623736,08/23/2021,17:40:00,MANHATTAN,14,0,NA,FALSE,25-44,M,BLACK,45-64,M,WHITE,986465,212195,POINT (-73.99200726699996 40.74911076500007),-22989.5586374472,4301.22309255376,-73.99200726700003,40.74911076500009
237630149,12/09/2021,12:00:00,MANHATTAN,9,0,NA,FALSE,NA,NA,NA,25-44,M,BLACK,989869,202646,POINT (-73.97972982599998 40.722899606000055),-19585.5586374472,-5247.77690744624,-73.97972982600002,40.7228996060001
226321042,03/30/2021,13:35:00,MANHATTAN,7,0,NA,FALSE,18-24,M,BLACK,18-24,M,BLACK,987721,202253,POINT (-73.98747935099993 40.72182201900005),-21733.5586374472,-5640.77690744624,-73.98747935099992,40.7218220190001
229188281,06/06/2021,04:22:00,MANHATTAN,13,0,NA,TRUE,25-44,M,BLACK,25-44,M,BLACK,990438,208520,POINT (-73.97767164799995 40.73902192000002),-19016.5586374472,626.223092553759,-73.97767164800001,40.73902192
227950666,05/09/2021,04:40:00,MANHATTAN,9,0,NA,FALSE,NA,NA,NA,25-44,M,BLACK HISPANIC,987496,203963,POINT (-73.98829024399998 40.72651564100005),-21958.5586374472,-3930.77690744624,-73.98829024400003,40.72651564100009
226230157,03/28/2021,23:00:00,MANHATTAN,6,0,NA,FALSE,NA,NA,NA,25-44,M,BLACK,984234,204728,POINT (-74.00005917499993 40.728615975000025),-25220.5586374472,-3165.77690744624,-74.00005917499993,40.728615975
228162837,05/13/2021,23:30:00,MANHATTAN,6,0,NA,FALSE,25-44,M,BLACK,25-44,M,BLACK,984433,206172,POINT (-73.99934114399997 40.73257940100007),-25021.5586374472,-1721.77690744624,-73.99934114400004,40.7325794010001
231637054,08/01/2021,02:15:00,MANHATTAN,17,0,NA,FALSE,NA,NA,NA,25-44,M,ASIAN / PACIFIC ISLANDER,990119,209875,POINT (-73.97882159799997 40.74274127600006),-19335.5586374472,1981.22309255376,-73.97882159800002,40.742741276000096
233199172,09/06/2021,18:00:00,MANHATTAN,5,2,MULTI DWELL - PUBLIC HOUS,FALSE,25-44,M,WHITE HISPANIC,25-44,F,WHITE HISPANIC,987094,202504,POINT (-73.98974123199997 40.72251117700006),-22360.5586374472,-5389.77690744624,-73.98974123200003,40.722511177000094
146877501,10/12/2015,04:03:00,MANHATTAN,13,0,NA,FALSE,25-44,M,BLACK,25-44,F,BLACK,987111.5625,208704.234375,POINT (-73.98967523599998 40.739529299000026),-22342.9961374472,810.457467553759,-73.98967523600002,40.739529299
74895036,10/04/2010,03:57:00,MANHATTAN,13,0,NA,TRUE,25-44,M,BLACK,25-44,M,BLACK,987269.25,208193.265625,POINT (-73.98910643499994 40.73812676400007),-22185.3086374472,299.488717553759,-73.98910643499991,40.73812676400011
90095199,04/13/2013,13:49:00,MANHATTAN,9,0,NA,FALSE,25-44,M,WHITE HISPANIC,45-64,M,WHITE HISPANIC,989298.875,202384.640625,POINT (-73.98178685699997 40.72218258100003),-20155.6836374472,-5509.13628244624,-73.98178685700002,40.72218258099999
157639146,10/16/2016,00:49:00,MANHATTAN,13,0,NA,FALSE,25-44,M,BLACK,25-44,M,BLACK,985716.0625,209910.578125,POINT (-73.99471076399993 40.74284075500003),-23738.4961374472,2016.80121755376,-73.99471076399995,40.74284075500001
16631460,05/23/2006,23:03:00,MANHATTAN,10,0,BAR/NIGHT CLUB,FALSE,25-44,M,BLACK,18-24,M,WHITE HISPANIC,982499.4375,211690.828125,POINT (-74.00631929199994 40.747727043000054),-26955.1211374472,3797.05121755376,-74.00631929199992,40.74772704300008
219527794,10/21/2020,03:37:00,MANHATTAN,10,0,NA,FALSE,25-44,M,BLACK,25-44,M,BLACK,984267,211939,POINT (-73.99994009499994 40.74840838700004),-25187.5586374472,4045.22309255376,-73.99994009499993,40.748408387
47812336,06/28/2008,05:01:00,MANHATTAN,6,0,RESTAURANT/DINER,FALSE,NA,NA,NA,25-44,F,BLACK,986175.9375,205173.171875,POINT (-73.99305253499995 40.72983765400005),-23278.6211374472,-2720.60503244624,-73.99305253500002,40.7298376540001
44445750,03/11/2008,22:55:00,MANHATTAN,7,0,MULTI DWELL - APT BUILD,FALSE,UNKNOWN,M,BLACK HISPANIC,25-44,M,WHITE,988470.25,201467.984375,POINT (-73.98477682299995 40.71966701400004),-20984.3086374472,-6425.79253244624,-73.98477682300002,40.71966701400001
219687217,10/23/2020,23:15:00,MANHATTAN,10,2,MULTI DWELL - PUBLIC HOUS,FALSE,NA,NA,NA,<18,M,BLACK,984002.6875,211785.203125,POINT (-74.00089401199995 40.747986249000064),-25451.8711374472,3891.42621755376,-74.00089401200003,40.7479862490001
24418565,09/20/2006,15:46:00,MANHATTAN,14,0,COMMERCIAL BLDG,FALSE,UNKNOWN,M,BLACK,25-44,F,ASIAN / PACIFIC ISLANDER,988317.5625,212069.671875,POINT (-73.98532123899997 40.748766114000034),-21136.9961374472,4175.89496755376,-73.98532123900002,40.74876611399999
200994119,08/11/2019,02:17:00,MANHATTAN,13,0,BAR/NIGHT CLUB,FALSE,NA,NA,NA,18-24,M,BLACK,986432.0625,209221.84375,POINT (-73.99212710599994 40.74095020200008),-23022.4961374472,1328.06684255376,-73.99212710599991,40.7409502020001
65010708,08/23/2009,04:29:00,MANHATTAN,9,0,NA,TRUE,25-44,M,WHITE HISPANIC,25-44,M,WHITE HISPANIC,989622.9375,205257.125,POINT (-73.98061545999997 40.730066663000066),-19831.6211374472,-2636.65190744624,-73.98061546000002,40.730066663000095
73940040,08/02/2010,03:02:00,MANHATTAN,9,0,NA,FALSE,18-24,M,BLACK,18-24,M,BLACK,990477,203734,POINT (-73.97753534299996 40.725885496000046),-18977.5586374472,-4159.77690744624,-73.97753534299993,40.72588549599999
154177371,06/21/2016,02:35:00,MANHATTAN,9,0,NA,FALSE,NA,NA,NA,18-24,M,BLACK,989421,202605.328125,POINT (-73.98134610299996 40.72278824500006),-20033.5586374472,-5288.44878244624,-73.98134610300004,40.72278824500011
145565704,08/21/2015,17:07:00,MANHATTAN,1,0,COMMERCIAL BLDG,TRUE,65+,M,WHITE,45-64,M,BLACK,982761.5,204594.59375,POINT (-74.00537192799999 40.72824968200007),-26693.0586374472,-3299.18315744624,-74.00537192800002,40.72824968200009
81228812,10/16/2011,23:20:00,MANHATTAN,10,2,MULTI DWELL - PUBLIC HOUS,FALSE,NA,NA,NA,25-44,M,BLACK,984133.625,212014.953125,POINT (-74.00042145599997 40.74861685800005),-25320.9336374472,4121.17621755376,-74.00042145600001,40.7486168580001
24900144,10/21/2006,02:27:00,MANHATTAN,9,0,NA,FALSE,UNKNOWN,M,UNKNOWN,25-44,M,BLACK HISPANIC,987624,203977,POINT (-73.98782842699995 40.72655401900005),-21830.5586374472,-3916.77690744624,-73.98782842700003,40.7265540190001
73725992,07/18/2010,05:03:00,MANHATTAN,1,0,BAR/NIGHT CLUB,TRUE,25-44,M,BLACK,25-44,M,BLACK,982190,203997,POINT (-74.00743370699996 40.726609317000054),-27264.5586374472,-3896.77690744624,-74.00743370700003,40.7266093170001
64804439,08/16/2009,17:48:00,MANHATTAN,10,2,MULTI DWELL - PUBLIC HOUS,FALSE,25-44,M,BLACK,25-44,M,BLACK,982756.375,210140,POINT (-74.00539165099997 40.743470456000075),-26698.1836374472,2246.22309255376,-74.00539165100002,40.74347045600009
213748382,06/01/2020,23:20:00,MANHATTAN,6,0,NA,FALSE,25-44,M,BLACK,25-44,M,BLACK HISPANIC,985830,206024,POINT (-73.99430050099994 40.73217303800004),-23624.5586374472,-1869.77690744624,-73.99430050099991,40.732173038
137109371,06/06/2014,08:30:00,MANHATTAN,13,2,MULTI DWELL - PUBLIC HOUS,FALSE,25-44,M,BLACK,45-64,F,BLACK,985697,211733.984375,POINT (-73.99477916399997 40.74784555200006),-23757.5586374472,3840.20746755376,-73.99477916400002,40.74784555200009
155609034,08/09/2016,03:28:00,MANHATTAN,7,0,NA,FALSE,25-44,M,BLACK,25-44,M,BLACK,987785.375,201740.734375,POINT (-73.98724737799995 40.72041594800004),-21669.1836374472,-6153.04253244624,-73.98724737800002,40.720415947999996
158843091,11/27/2016,23:10:00,MANHATTAN,14,0,NA,FALSE,NA,NA,NA,25-44,M,BLACK,985285.5625,212846.34375,POINT (-73.99626388799999 40.750898756000026),-24168.9961374472,4952.56684255376,-73.99626388800002,40.750898756
75258713,10/26/2010,20:56:00,MANHATTAN,7,0,NA,FALSE,18-24,M,WHITE HISPANIC,25-44,M,BLACK HISPANIC,988900.625,201538,POINT (-73.98322419099999 40.71985897500008),-20553.9336374472,-6355.77690744624,-73.98322419100003,40.7198589750001
215225154,07/12/2020,02:28:00,MANHATTAN,9,2,MULTI DWELL - PUBLIC HOUS,FALSE,NA,NA,NA,25-44,M,BLACK HISPANIC,989421,202605.328125,POINT (-73.98134610299996 40.72278824500006),-20033.5586374472,-5288.44878244624,-73.98134610300004,40.72278824500011
47024512,05/05/2008,04:10:00,MANHATTAN,10,0,NA,FALSE,UNKNOWN,M,BLACK,25-44,M,BLACK,984212.875,209053.609375,POINT (-74.00013541899995 40.74048871000008),-25241.6836374472,1159.83246755376,-74.00013541900002,40.740488710000086
146877501,10/12/2015,04:03:00,MANHATTAN,13,0,NA,FALSE,25-44,M,BLACK,25-44,F,WHITE,987111.5625,208704.234375,POINT (-73.98967523599998 40.739529299000026),-22342.9961374472,810.457467553759,-73.98967523600002,40.739529299
27415044,03/14/2007,21:26:00,MANHATTAN,6,0,NA,TRUE,25-44,M,WHITE,18-24,M,WHITE,984277.5625,205026.328125,POINT (-73.99990199999996 40.72943481300007),-25176.9961374472,-2867.44878244624,-73.99990200000005,40.7294348130001
58921843,02/19/2009,19:21:00,MANHATTAN,6,0,NA,FALSE,25-44,F,WHITE HISPANIC,45-64,M,BLACK,982050,208987,POINT (-74.00794044399998 40.740305610000064),-27404.5586374472,1093.22309255376,-74.00794044400004,40.7403056100001
142961419,05/16/2015,22:08:00,MANHATTAN,9,0,NA,FALSE,NA,NA,NA,18-24,M,BLACK HISPANIC,989869,202646,POINT (-73.97972982599998 40.722899606000055),-19585.5586374472,-5247.77690744624,-73.97972982600002,40.7228996060001
81701068,11/15/2011,02:23:00,MANHATTAN,10,0,BAR/NIGHT CLUB,TRUE,45-64,M,BLACK,25-44,M,BLACK,982399.25,211453.25,POINT (-74.00668080699995 40.74707493100004),-27055.3086374472,3559.47309255376,-74.00668080700001,40.74707493099999
75356376,11/01/2010,23:20:00,MANHATTAN,6,0,MULTI DWELL - APT BUILD,FALSE,25-44,M,BLACK,25-44,M,WHITE,984024.75,204863.984375,POINT (-74.00081415399995 40.72898921600006),-25429.8086374472,-3029.79253244624,-74.00081415400001,40.728989216000095
65010708,08/23/2009,04:29:00,MANHATTAN,9,0,NA,TRUE,25-44,M,WHITE HISPANIC,25-44,M,BLACK HISPANIC,989622.9375,205257.125,POINT (-73.98061545999997 40.730066663000066),-19831.6211374472,-2636.65190744624,-73.98061546000002,40.730066663000095
219687217,10/23/2020,23:15:00,MANHATTAN,10,2,MULTI DWELL - PUBLIC HOUS,FALSE,NA,NA,NA,18-24,M,BLACK,984002.6875,211785.203125,POINT (-74.00089401199995 40.747986249000064),-25451.8711374472,3891.42621755376,-74.00089401200003,40.7479862490001
35446119,11/01/2007,00:46:00,MANHATTAN,13,0,NA,FALSE,UNKNOWN,M,BLACK,18-24,M,BLACK,988874,207673,POINT (-73.98331602599995 40.736698070000045),-20580.5586374472,-220.776907446241,-73.98331602600003,40.736698069999996
67824206,11/14/2009,04:20:00,MANHATTAN,9,0,NA,FALSE,UNKNOWN,U,UNKNOWN,25-44,M,BLACK,986447.0625,203566.28125,POINT (-73.99207482199995 40.725427067000055),-23007.4961374472,-4327.49565744624,-73.99207482200005,40.7254270670001
10879224,04/01/2006,03:47:00,MANHATTAN,13,0,NA,FALSE,UNKNOWN,M,BLACK,25-44,M,BLACK,986109.375,210621.609375,POINT (-73.99329119199996 40.74479228400003),-23345.1836374472,2727.83246755376,-73.99329119200003,40.74479228399999
138496679,09/01/2014,23:36:00,MANHATTAN,10,2,MULTI DWELL - PUBLIC HOUS,FALSE,NA,NA,NA,18-24,M,BLACK,984002.6875,211785.203125,POINT (-74.00089401199995 40.747986249000064),-25451.8711374472,3891.42621755376,-74.00089401200003,40.7479862490001
54760139,12/08/2008,03:50:00,MANHATTAN,13,0,NA,FALSE,UNKNOWN,U,UNKNOWN,18-24,M,BLACK,988874,207673,POINT (-73.98331602599995 40.736698070000045),-20580.5586374472,-220.776907446241,-73.98331602600003,40.736698069999996
73300652,06/18/2010,03:58:00,MANHATTAN,6,0,NA,FALSE,18-24,M,BLACK,18-24,M,BLACK,986159.8125,205842.328125,POINT (-73.99311052599995 40.731674328000054),-23294.7461374472,-2051.44878244624,-73.99311052600001,40.73167432800009
90699334,05/18/2013,00:04:00,MANHATTAN,6,0,NA,TRUE,25-44,M,WHITE HISPANIC,25-44,M,BLACK,984590.5,206429.640625,POINT (-73.99877283699993 40.73328655600005),-24864.0586374472,-1464.13628244624,-73.99877283699995,40.7332865560001
44936762,03/28/2008,00:30:00,MANHATTAN,10,0,NA,FALSE,UNKNOWN,M,BLACK,<18,M,BLACK,982992.5,210566.453125,POINT (-74.00453960199997 40.74464100000006),-26462.0586374472,2672.67621755376,-74.00453960200001,40.7446410000001
76808921,01/12/2011,09:08:00,MANHATTAN,9,0,MULTI DWELL - APT BUILD,FALSE,25-44,M,WHITE HISPANIC,25-44,M,WHITE HISPANIC,989165.9375,202146.8125,POINT (-73.98226662299999 40.721529876000034),-20288.6211374472,-5746.96440744624,-73.98226662300003,40.721529876
74895036,10/04/2010,03:57:00,MANHATTAN,13,0,NA,TRUE,25-44,M,BLACK,18-24,M,BLACK,987269.25,208193.265625,POINT (-73.98910643499994 40.73812676400007),-22185.3086374472,299.488717553759,-73.98910643499991,40.73812676400011
73907883,07/30/2010,04:11:00,MANHATTAN,10,0,NA,FALSE,UNKNOWN,M,BLACK,25-44,M,BLACK HISPANIC,984267,211939,POINT (-73.99994009499994 40.74840838700004),-25187.5586374472,4045.22309255376,-73.99994009499993,40.748408387
73940040,08/02/2010,03:02:00,MANHATTAN,9,0,NA,FALSE,18-24,M,BLACK HISPANIC,18-24,M,BLACK,990477,203734,POINT (-73.97753534299996 40.725885496000046),-18977.5586374472,-4159.77690744624,-73.97753534299993,40.72588549599999
37401730,01/01/2008,05:13:00,MANHATTAN,10,0,NA,FALSE,UNKNOWN,M,WHITE HISPANIC,18-24,M,BLACK,983543.625,209704,POINT (-74.00255057199996 40.74227384200003),-25910.9336374472,1810.22309255376,-74.00255057200003,40.742273841999996
52438325,10/23/2008,18:23:00,MANHATTAN,13,0,NA,FALSE,18-24,M,BLACK,25-44,M,BLACK,990437.875,208520.046875,POINT (-73.97767209899996 40.73902204900003),-19016.6836374472,626.269967553759,-73.97767209900003,40.739022049000006
16631460,05/23/2006,23:03:00,MANHATTAN,10,0,BAR/NIGHT CLUB,TRUE,25-44,M,BLACK,18-24,M,WHITE HISPANIC,982499.4375,211690.828125,POINT (-74.00631929199994 40.747727043000054),-26955.1211374472,3797.05121755376,-74.00631929199992,40.74772704300008
48570133,07/24/2008,08:15:00,MANHATTAN,9,0,NA,FALSE,25-44,M,WHITE HISPANIC,18-24,M,ASIAN / PACIFIC ISLANDER,990439.9375,202897.0625,POINT (-73.97766982899998 40.72358833100003),-19014.6211374472,-4996.71440744624,-73.97766982900002,40.723588331
33569320,08/05/2007,03:07:00,MANHATTAN,9,0,MULTI DWELL - PUBLIC HOUS,FALSE,UNKNOWN,U,UNKNOWN,18-24,M,WHITE HISPANIC,990377.8125,204681.3125,POINT (-73.97789233399999 40.72848570700006),-19076.7461374472,-3212.46440744624,-73.97789233400003,40.7284857070001
93636170,11/18/2013,01:18:00,MANHATTAN,10,2,NA,FALSE,18-24,M,BLACK,25-44,M,BLACK,984133.625,212014.953125,POINT (-74.00042145599997 40.74861685800005),-25320.9336374472,4121.17621755376,-74.00042145600001,40.7486168580001
52682620,11/01/2008,04:10:00,MANHATTAN,9,0,NA,FALSE,UNKNOWN,M,WHITE HISPANIC,18-24,M,BLACK,987624,203977,POINT (-73.98782842699995 40.72655401900005),-21830.5586374472,-3916.77690744624,-73.98782842700003,40.7265540190001
82140942,12/12/2011,10:52:00,MANHATTAN,10,2,MULTI DWELL - PUBLIC HOUS,TRUE,25-44,M,BLACK,18-24,M,WHITE HISPANIC,982669.75,209907.984375,POINT (-74.00570420999998 40.74283361500005),-26784.8086374472,2014.20746755376,-74.00570421000002,40.742833615000094
74788924,09/26/2010,21:30:00,MANHATTAN,9,0,MULTI DWELL - APT BUILD,FALSE,25-44,M,WHITE HISPANIC,25-44,M,WHITE,987756,204106.046875,POINT (-73.98735211899998 40.72690817100005),-21698.5586374472,-3787.73003244624,-73.987352119,40.7269081710001
24418565,09/20/2006,15:46:00,MANHATTAN,14,0,COMMERCIAL BLDG,FALSE,18-24,M,BLACK,25-44,F,ASIAN / PACIFIC ISLANDER,988317.5625,212069.671875,POINT (-73.98532123899997 40.748766114000034),-21136.9961374472,4175.89496755376,-73.98532123900002,40.74876611399999
184058460,06/17/2018,03:47:00,MANHATTAN,6,0,BAR/NIGHT CLUB,FALSE,25-44,M,BLACK,25-44,M,BLACK,984234.4375,204728.328125,POINT (-74.00005759799996 40.728616876000046),-25220.1211374472,-3165.44878244624,-74.00005759800003,40.728616876000004
138373703,08/21/2014,18:59:00,MANHATTAN,6,0,NA,TRUE,NA,NA,NA,45-64,M,ASIAN / PACIFIC ISLANDER,981550,207993,POINT (-74.00974436199994 40.737577187000056),-27904.5586374472,99.2230925537588,-74.00974436199992,40.7375771870001
191698518,12/31/2018,16:56:00,MANHATTAN,6,0,MULTI DWELL - APT BUILD,TRUE,25-44,M,BLACK,45-64,M,WHITE,982680.125,206254.453125,POINT (-74.00566591599994 40.73280557600003),-26774.4336374472,-1639.32378244624,-74.00566591599991,40.732805576
16631460,05/23/2006,23:03:00,MANHATTAN,10,0,BAR/NIGHT CLUB,FALSE,25-44,M,BLACK,18-24,M,BLACK,982499.4375,211690.828125,POINT (-74.00631929199994 40.747727043000054),-26955.1211374472,3797.05121755376,-74.00631929199992,40.74772704300008
35446119,11/01/2007,00:46:00,MANHATTAN,13,0,NA,FALSE,UNKNOWN,M,BLACK,<18,M,WHITE HISPANIC,988874,207673,POINT (-73.98331602599995 40.736698070000045),-20580.5586374472,-220.776907446241,-73.98331602600003,40.736698069999996
81701068,11/15/2011,02:23:00,MANHATTAN,10,0,BAR/NIGHT CLUB,FALSE,45-64,M,BLACK,45-64,M,BLACK,982399.25,211453.25,POINT (-74.00668080699995 40.74707493100004),-27055.3086374472,3559.47309255376,-74.00668080700001,40.74707493099999
146877501,10/12/2015,04:03:00,MANHATTAN,13,0,NA,TRUE,25-44,M,BLACK,25-44,F,BLACK,987111.5625,208704.234375,POINT (-73.98967523599998 40.739529299000026),-22342.9961374472,810.457467553759,-73.98967523600002,40.739529299
47487791,06/24/2008,02:09:00,MANHATTAN,5,2,MULTI DWELL - PUBLIC HOUS,TRUE,18-24,M,BLACK HISPANIC,<18,M,WHITE HISPANIC,986929.125,202081.515625,POINT (-73.99033621399997 40.721351611000046),-22525.4336374472,-5812.26128244624,-73.99033621400002,40.721351610999996
10240257,01/29/2006,05:00:00,MANHATTAN,13,0,BAR/NIGHT CLUB,FALSE,UNKNOWN,M,WHITE HISPANIC,18-24,M,WHITE,985473.6875,209471.90625,POINT (-73.99558551899997 40.74163674600004),-23980.8711374472,1578.12934255376,-73.99558551900003,40.741636746000005
173875580,01/21/2018,16:38:00,MANHATTAN,14,0,NA,FALSE,25-44,M,BLACK,25-44,M,BLACK,987816.9375,211442.15625,POINT (-73.98712837399995 40.74704395600003),-21637.6211374472,3548.37934255376,-73.98712837400002,40.74704395599999
213649349,05/28/2020,22:11:00,MANHATTAN,9,2,MULTI DWELL - PUBLIC HOUS,FALSE,NA,NA,NA,25-44,M,BLACK,990324.1875,202686.171875,POINT (-73.97808761299996 40.72300956700008),-19130.3711374472,-5207.60503244624,-73.97808761300003,40.7230095670001
27415044,03/14/2007,21:26:00,MANHATTAN,6,0,NA,TRUE,25-44,M,WHITE,25-44,M,WHITE,984277.5625,205026.328125,POINT (-73.99990199999996 40.72943481300007),-25176.9961374472,-2867.44878244624,-73.99990200000005,40.7294348130001
201483470,08/22/2019,23:47:00,MANHATTAN,9,0,NA,FALSE,25-44,M,WHITE HISPANIC,25-44,M,BLACK,988940,205476,POINT (-73.98307939999995 40.73066780900007),-20514.5586374472,-2417.77690744624,-73.98307940000001,40.73066780900009
10879206,03/29/2006,20:05:00,MANHATTAN,9,0,NA,FALSE,<18,M,WHITE HISPANIC,18-24,M,BLACK,990905.25,204076.53125,POINT (-73.97598994099997 40.72682534900008),-18549.3086374472,-3817.24565744624,-73.97598994100001,40.7268253490001
27415044,03/14/2007,21:26:00,MANHATTAN,6,0,NA,TRUE,25-44,M,WHITE,25-44,M,WHITE HISPANIC,984277.5625,205026.328125,POINT (-73.99990199999996 40.72943481300007),-25176.9961374472,-2867.44878244624,-73.99990200000005,40.7294348130001
33075028,07/14/2007,03:55:00,MANHATTAN,6,0,NA,FALSE,25-44,F,BLACK,18-24,M,BLACK,982745.75,206647.390625,POINT (-74.00542921299996 40.73388410500007),-26708.8086374472,-1246.38628244624,-74.00542921300001,40.733884105000094
93979264,12/10/2013,05:15:00,MANHATTAN,10,0,NA,FALSE,25-44,M,BLACK,25-44,M,BLACK,984928.6875,210346.96875,POINT (-73.99755217599994 40.74403863400005),-24525.8711374472,2453.19184255376,-73.99755217599993,40.7440386340001
24814494,10/14/2006,03:45:00,MANHATTAN,10,0,BAR/NIGHT CLUB,FALSE,25-44,M,BLACK,25-44,M,BLACK,982411.625,210609.515625,POINT (-74.00663591499995 40.74475909300003),-27042.9336374472,2715.73871755376,-74.00663591500003,40.744759093000006
217773082,09/12/2020,01:23:00,MANHATTAN,9,2,MULTI DWELL - PUBLIC HOUS,FALSE,25-44,M,WHITE HISPANIC,18-24,M,BLACK,989421,202605.328125,POINT (-73.98134610299996 40.72278824500006),-20033.5586374472,-5288.44878244624,-73.98134610300004,40.72278824500011
35215533,10/21/2007,00:12:00,MANHATTAN,9,2,MULTI DWELL - PUBLIC HOUS,FALSE,UNKNOWN,M,BLACK,18-24,M,BLACK,989421,202605.328125,POINT (-73.98134610299996 40.72278824500006),-20033.5586374472,-5288.44878244624,-73.98134610300004,40.72278824500011
25359022,11/18/2006,06:10:00,MANHATTAN,10,0,RESTAURANT/DINER,FALSE,UNKNOWN,M,BLACK,18-24,M,BLACK,984276,211025.578125,POINT (-73.99990761599997 40.745901272000026),-25178.5586374472,3131.80121755376,-73.99990761600003,40.745901272
139565486,11/07/2014,20:52:00,MANHATTAN,9,2,MULTI DWELL - PUBLIC HOUS,FALSE,NA,NA,NA,18-24,M,BLACK HISPANIC,989298.875,202384.640625,POINT (-73.98178685699997 40.72218258100003),-20155.6836374472,-5509.13628244624,-73.98178685700002,40.72218258099999
81701068,11/15/2011,02:23:00,MANHATTAN,10,0,BAR/NIGHT CLUB,FALSE,45-64,M,BLACK,25-44,F,BLACK,982399.25,211453.25,POINT (-74.00668080699995 40.74707493100004),-27055.3086374472,3559.47309255376,-74.00668080700001,40.74707493099999
219063828,10/11/2020,01:07:00,MANHATTAN,9,0,NA,TRUE,<18,M,BLACK,25-44,M,BLACK,989361.6875,204786.109375,POINT (-73.98155842799997 40.72877399500004),-20092.8711374472,-3107.66753244624,-73.98155842800001,40.72877399499999
79008022,05/27/2011,22:13:00,MANHATTAN,9,0,NA,FALSE,NA,NA,NA,18-24,M,BLACK HISPANIC,990397.9375,204360.78125,POINT (-73.97782001599995 40.72760591300005),-19056.6211374472,-3532.99565744624,-73.97782001600001,40.727605913000104
137944204,07/28/2014,13:08:00,MANHATTAN,6,0,STORE UNCLASSIFIED,FALSE,25-44,M,WHITE,UNKNOWN,M,UNKNOWN,983725.25,206175.234375,POINT (-74.00189485899995 40.73258826400007),-25729.3086374472,-1718.54253244624,-74.00189485900003,40.7325882640001
75202879,10/23/2010,04:44:00,MANHATTAN,13,0,RESTAURANT/DINER,TRUE,18-24,M,BLACK,25-44,M,BLACK,984731.6875,208134.09375,POINT (-73.99826327599999 40.73796485300005),-24722.8711374472,240.316842553759,-73.99826327600002,40.73796485300009
80259338,08/12/2011,03:12:00,MANHATTAN,5,0,NA,FALSE,UNKNOWN,M,BLACK,18-24,M,BLACK,986762.4375,201651.84375,POINT (-73.99093771699995 40.72017231400008),-22692.1211374472,-6241.93315744624,-73.99093771700002,40.7201723140001
52438325,10/23/2008,18:23:00,MANHATTAN,13,0,NA,FALSE,18-24,M,BLACK,18-24,M,BLACK,990437.875,208520.046875,POINT (-73.97767209899996 40.73902204900003),-19016.6836374472,626.269967553759,-73.97767209900003,40.739022049000006
47334459,06/18/2008,19:50:00,MANHATTAN,9,0,NA,FALSE,18-24,M,BLACK HISPANIC,18-24,M,BLACK,989807.875,202534.21875,POINT (-73.97995043799995 40.72259283200003),-19646.6836374472,-5359.55815744624,-73.97995043800005,40.722592832
48570133,07/24/2008,08:15:00,MANHATTAN,9,0,NA,FALSE,25-44,M,WHITE HISPANIC,45-64,M,BLACK,990439.9375,202897.0625,POINT (-73.97766982899998 40.72358833100003),-19014.6211374472,-4996.71440744624,-73.97766982900002,40.723588331
214690556,06/26/2020,00:30:00,MANHATTAN,13,0,NA,TRUE,25-44,M,BLACK,18-24,F,WHITE HISPANIC,987583.4375,210248,POINT (-73.98797166599996 40.74376638700005),-21871.1211374472,2354.22309255376,-73.98797166600004,40.7437663870001
51412514,09/14/2008,14:40:00,MANHATTAN,13,0,MULTI DWELL - APT BUILD,TRUE,45-64,M,WHITE,65+,F,WHITE,987527.9375,207496.421875,POINT (-73.98817329599996 40.736214008000054),-21926.6211374472,-397.355032446241,-73.98817329600003,40.73621400800009
11118239,04/28/2006,21:50:00,MANHATTAN,13,2,MULTI DWELL - PUBLIC HOUS,FALSE,UNKNOWN,M,WHITE HISPANIC,<18,M,BLACK,989865.125,209424.8125,POINT (-73.97973814999995 40.74150578800004),-19589.4336374472,1531.03559255376,-73.97973815000003,40.741505788
151047697,03/08/2016,20:20:00,MANHATTAN,10,2,MULTI DWELL - PUBLIC HOUS,FALSE,18-24,M,BLACK,18-24,M,BLACK,984133.625,212014.953125,POINT (-74.00042145599997 40.74861685800005),-25320.9336374472,4121.17621755376,-74.00042145600001,40.7486168580001
57325752,02/16/2009,05:24:00,MANHATTAN,6,0,RESTAURANT/DINER,FALSE,18-24,M,BLACK,25-44,M,WHITE HISPANIC,986175.9375,205173.171875,POINT (-73.99305253499995 40.72983765400005),-23278.6211374472,-2720.60503244624,-73.99305253500002,40.7298376540001
147843406,11/17/2015,01:52:00,MANHATTAN,13,0,NA,FALSE,25-44,M,BLACK,18-24,F,BLACK,987125.625,210942.078125,POINT (-73.98962353299999 40.74567161900006),-22328.9336374472,3048.30121755376,-73.98962353300001,40.7456716190001
82228623,12/16/2011,04:03:00,MANHATTAN,13,0,BAR/NIGHT CLUB,FALSE,25-44,M,BLACK,25-44,M,BLACK,986432.0625,209221.84375,POINT (-73.99212710599994 40.74095020200008),-23022.4961374472,1328.06684255376,-73.99212710599991,40.7409502020001
81242453,10/17/2011,21:32:00,MANHATTAN,10,2,MULTI DWELL - PUBLIC HOUS,FALSE,NA,NA,NA,25-44,M,BLACK,984133.625,212014.953125,POINT (-74.00042145599997 40.74861685800005),-25320.9336374472,4121.17621755376,-74.00042145600001,40.7486168580001
73794477,07/21/2010,01:32:00,MANHATTAN,1,0,BAR/NIGHT CLUB,FALSE,NA,NA,NA,25-44,M,BLACK,982761.5,204594.59375,POINT (-74.00537192799999 40.72824968200007),-26693.0586374472,-3299.18315744624,-74.00537192800002,40.72824968200009
50589212,08/26/2008,23:00:00,MANHATTAN,13,0,NA,FALSE,NA,NA,NA,25-44,M,BLACK,988853.8125,207600.609375,POINT (-73.98338891999998 40.73649938700004),-20600.7461374472,-293.167532446241,-73.98338892000001,40.736499387
51937549,10/06/2008,04:01:00,MANHATTAN,6,0,NA,FALSE,UNKNOWN,M,BLACK,25-44,M,BLACK,982752,206772,POINT (-74.005406689 40.734226128000046),-26702.5586374472,-1121.77690744624,-74.00540668900001,40.734226128
152146929,04/14/2016,22:44:00,MANHATTAN,9,0,NA,TRUE,18-24,M,BLACK,18-24,M,BLACK,990397.9375,204360.78125,POINT (-73.97782001599995 40.72760591300005),-19056.6211374472,-3532.99565744624,-73.97782001600001,40.727605913000104
82122314,12/10/2011,00:13:00,MANHATTAN,9,2,MULTI DWELL - PUBLIC HOUS,FALSE,NA,NA,NA,18-24,M,WHITE HISPANIC,990377.8125,204681.3125,POINT (-73.97789233399999 40.72848570700006),-19076.7461374472,-3212.46440744624,-73.97789233400003,40.7284857070001
44590456,03/17/2008,16:38:00,MANHATTAN,10,0,MULTI DWELL - PUBLIC HOUS,FALSE,18-24,M,BLACK,18-24,M,BLACK,984002.6875,211785.203125,POINT (-74.00089401199995 40.747986249000064),-25451.8711374472,3891.42621755376,-74.00089401200003,40.7479862490001
47487791,06/24/2008,02:09:00,MANHATTAN,5,2,MULTI DWELL - PUBLIC HOUS,TRUE,18-24,M,WHITE HISPANIC,<18,M,WHITE HISPANIC,986929.125,202081.515625,POINT (-73.99033621399997 40.721351611000046),-22525.4336374472,-5812.26128244624,-73.99033621400002,40.721351610999996
35446119,11/01/2007,00:46:00,MANHATTAN,13,0,NA,FALSE,UNKNOWN,M,BLACK,18-24,M,WHITE HISPANIC,988874,207673,POINT (-73.98331602599995 40.736698070000045),-20580.5586374472,-220.776907446241,-73.98331602600003,40.736698069999996
81701068,11/15/2011,02:23:00,MANHATTAN,10,0,BAR/NIGHT CLUB,TRUE,45-64,M,BLACK,45-64,M,BLACK,982399.25,211453.25,POINT (-74.00668080699995 40.74707493100004),-27055.3086374472,3559.47309255376,-74.00668080700001,40.74707493099999
170436084,10/15/2017,23:58:00,MANHATTAN,9,0,NA,FALSE,NA,NA,NA,25-44,M,WHITE HISPANIC,990662.3125,204061.984375,POINT (-73.97686644999999 40.726785601000074),-18792.2461374472,-3831.79253244624,-73.97686645000003,40.7267856010001
149347431,01/14/2016,00:26:00,MANHATTAN,9,0,NA,FALSE,18-24,M,BLACK HISPANIC,18-24,M,BLACK,990662.3125,204061.984375,POINT (-73.97686644999999 40.726785601000074),-18792.2461374472,-3831.79253244624,-73.97686645000003,40.7267856010001
45218810,04/03/2008,19:17:00,MANHATTAN,9,0,MULTI DWELL - PUBLIC HOUS,TRUE,18-24,M,WHITE HISPANIC,25-44,M,WHITE HISPANIC,990788.5625,204295.828125,POINT (-73.97641072599998 40.72742735200006),-18665.9961374472,-3597.94878244624,-73.97641072600003,40.72742735200009
93979264,12/10/2013,05:15:00,MANHATTAN,10,0,NA,FALSE,18-24,M,BLACK,25-44,M,BLACK,984928.6875,210346.96875,POINT (-73.99755217599994 40.74403863400005),-24525.8711374472,2453.19184255376,-73.99755217599993,40.7440386340001
16631460,05/23/2006,23:03:00,MANHATTAN,10,0,BAR/NIGHT CLUB,FALSE,25-44,M,BLACK,25-44,M,WHITE HISPANIC,982499.4375,211690.828125,POINT (-74.00631929199994 40.747727043000054),-26955.1211374472,3797.05121755376,-74.00631929199992,40.74772704300008
24516762,09/26/2006,14:38:00,MANHATTAN,10,0,NA,FALSE,<18,F,BLACK,25-44,M,WHITE HISPANIC,984459.5625,212286.78125,POINT (-73.99924511099994 40.74936295600003),-24994.9961374472,4393.00434255376,-73.99924511099992,40.74936295599999
146877501,10/12/2015,04:03:00,MANHATTAN,13,0,NA,TRUE,25-44,M,BLACK,25-44,F,WHITE,987111.5625,208704.234375,POINT (-73.98967523599998 40.739529299000026),-22342.9961374472,810.457467553759,-73.98967523600002,40.739529299
94814972,02/07/2014,06:25:00,MANHATTAN,13,0,NA,FALSE,UNKNOWN,U,UNKNOWN,18-24,M,WHITE HISPANIC,986800.6875,209942.640625,POINT (-73.99079658699998 40.74292851200005),-22653.8711374472,2048.86371755376,-73.99079658700003,40.7429285120001
210709521,03/08/2020,05:00:00,MANHATTAN,9,2,MULTI DWELL - PUBLIC HOUS,FALSE,45-64,M,BLACK,<18,M,WHITE HISPANIC,990324.1875,202686.171875,POINT (-73.97808761299996 40.72300956700008),-19130.3711374472,-5207.60503244624,-73.97808761300003,40.7230095670001
171094332,11/01/2017,07:55:00,MANHATTAN,9,0,NA,TRUE,45-64,M,WHITE,45-64,F,WHITE,987001.8125,204801.5625,POINT (-73.99007287499995 40.72881745900003),-22452.7461374472,-3092.21440744624,-73.99007287500001,40.728817459
81701068,11/15/2011,02:23:00,MANHATTAN,10,0,BAR/NIGHT CLUB,TRUE,45-64,M,BLACK,25-44,F,BLACK,982399.25,211453.25,POINT (-74.00668080699995 40.74707493100004),-27055.3086374472,3559.47309255376,-74.00668080700001,40.74707493099999
10713397,03/16/2006,16:08:00,MANHATTAN,13,0,COMMERCIAL BLDG,FALSE,UNKNOWN,M,BLACK,45-64,M,ASIAN / PACIFIC ISLANDER,987043.5,210691.984375,POINT (-73.98992001999994 40.74498520100008),-22411.0586374472,2798.20746755376,-73.98992001999993,40.7449852010001
187133718,08/31/2018,23:16:00,MANHATTAN,13,0,NA,FALSE,25-44,F,BLACK,<18,F,BLACK,989738.375,209197.015625,POINT (-73.98019573899995 40.74088062200008),-19716.1836374472,1303.23871755376,-73.98019573900002,40.74088062200009
197016008,05/09/2019,01:32:00,MANHATTAN,1,0,BAR/NIGHT CLUB,FALSE,18-24,M,WHITE HISPANIC,25-44,M,BLACK,982761.5,204594.59375,POINT (-74.00537192799999 40.72824968200007),-26693.0586374472,-3299.18315744624,-74.00537192800002,40.72824968200009
153309006,05/22/2016,05:35:00,MANHATTAN,13,0,NA,FALSE,NA,NA,NA,25-44,M,BLACK,984725,209050,POINT (-73.99828734199997 40.740478790000054),-24729.5586374472,1156.22309255376,-73.99828734200003,40.74047879000009
67390154,11/01/2009,01:30:00,MANHATTAN,6,0,NA,FALSE,UNKNOWN,U,UNKNOWN,18-24,F,BLACK,983797.25,207177.578125,POINT (-74.00163513599995 40.73533945600008),-25657.3086374472,-716.198782446241,-74.00163513600003,40.7353394560001
24449553,09/23/2006,00:02:00,MANHATTAN,5,0,NA,FALSE,<18,M,BLACK HISPANIC,<18,M,BLACK HISPANIC,986929.125,202081.515625,POINT (-73.99033621399997 40.721351611000046),-22525.4336374472,-5812.26128244624,-73.99033621400002,40.721351610999996
74044370,08/07/2010,23:03:00,MANHATTAN,9,0,NA,FALSE,25-44,M,BLACK,25-44,M,BLACK,987360.6875,206352.28125,POINT (-73.98877733299999 40.73307368400003),-22093.8711374472,-1541.49565744624,-73.98877733300002,40.733073684
48395043,07/16/2008,18:10:00,MANHATTAN,10,2,MULTI DWELL - PUBLIC HOUS,FALSE,25-44,M,BLACK,25-44,F,BLACK,983906.875,212138.046875,POINT (-74.00123982199995 40.748954714000035),-25547.6836374472,4244.26996755376,-74.00123982200002,40.748954714
141724979,03/28/2015,22:35:00,MANHATTAN,9,0,NA,FALSE,NA,NA,NA,25-44,M,BLACK,991233.625,203897.984375,POINT (-73.97480537999996 40.72633502800005),-18220.9336374472,-3995.79253244624,-73.97480538000002,40.7263350280001
33108414,07/15/2007,21:44:00,MANHATTAN,9,0,NA,FALSE,UNKNOWN,M,BLACK,18-24,M,WHITE HISPANIC,989632.375,202781.015625,POINT (-73.98058338799996 40.72327033900007),-19822.1836374472,-5112.76128244624,-73.98058338800003,40.72327033900011
87111076,10/06/2012,21:39:00,MANHATTAN,5,0,BEAUTY/NAIL SALON,TRUE,18-24,M,WHITE HISPANIC,25-44,M,WHITE HISPANIC,986354.8125,201324.078125,POINT (-73.99240834599993 40.719272782000075),-23099.7461374472,-6569.69878244624,-73.99240834599992,40.71927278200009
207701108,01/09/2020,03:34:00,MANHATTAN,9,0,NA,TRUE,25-44,M,BLACK,25-44,M,BLACK,988875.1875,203909.265625,POINT (-73.98331432699996 40.726367540000076),-20579.3711374472,-3984.51128244624,-73.98331432700003,40.7263675400001
10137416,01/11/2006,21:47:00,MANHATTAN,10,2,MULTI DWELL - PUBLIC HOUS,FALSE,UNKNOWN,M,WHITE,25-44,M,WHITE,983857.625,212466.25,POINT (-74.00141758899997 40.74985554700004),-25596.9336374472,4572.47309255376,-74.00141758900003,40.749855546999996
214690556,06/26/2020,00:30:00,MANHATTAN,13,0,NA,FALSE,25-44,M,BLACK,18-24,M,WHITE HISPANIC,987583.4375,210248,POINT (-73.98797166599996 40.74376638700005),-21871.1211374472,2354.22309255376,-73.98797166600004,40.7437663870001
203676931,10/11/2019,22:15:00,MANHATTAN,10,2,MULTI DWELL - PUBLIC HOUS,FALSE,25-44,M,WHITE HISPANIC,18-24,F,WHITE HISPANIC,983906.875,212138.046875,POINT (-74.00123982199995 40.748954714000035),-25547.6836374472,4244.26996755376,-74.00123982200002,40.748954714
74788924,09/26/2010,21:30:00,MANHATTAN,9,0,MULTI DWELL - APT BUILD,FALSE,18-24,M,WHITE HISPANIC,25-44,M,WHITE,987756,204106.046875,POINT (-73.98735211899998 40.72690817100005),-21698.5586374472,-3787.73003244624,-73.987352119,40.7269081710001
80576265,09/03/2011,03:47:00,MANHATTAN,9,0,RESTAURANT/DINER,FALSE,25-44,M,BLACK,18-24,M,BLACK HISPANIC,987650.75,203138.515625,POINT (-73.98773233999998 40.72425257300006),-21803.8086374472,-4755.26128244624,-73.98773234000002,40.7242525730001
175189442,01/18/2018,22:35:00,MANHATTAN,13,2,MULTI DWELL - PUBLIC HOUS,FALSE,NA,NA,NA,25-44,M,BLACK,989865.125,209424.8125,POINT (-73.97973814999995 40.74150578800004),-19589.4336374472,1531.03559255376,-73.97973815000003,40.741505788
217410680,09/03/2020,02:40:00,MANHATTAN,25,0,NA,FALSE,45-64,M,BLACK,45-64,M,BLACK,989173.5625,209955.953125,POINT (-73.98223340199996 40.74296404900008),-20280.9961374472,2062.17621755376,-73.98223340200003,40.7429640490001
170435757,10/15/2017,04:55:00,MANHATTAN,7,0,NA,FALSE,25-44,M,WHITE HISPANIC,25-44,F,WHITE,987590.875,201575.71875,POINT (-73.98794913099994 40.719963095000026),-21863.6836374472,-6318.05815744624,-73.98794913099991,40.719963095
87931467,12/01/2012,04:09:00,MANHATTAN,10,0,NA,FALSE,<18,M,BLACK,25-44,F,BLACK,985697,211733.984375,POINT (-73.99477916399997 40.74784555200006),-23757.5586374472,3840.20746755376,-73.99477916400002,40.74784555200009
65010708,08/23/2009,04:29:00,MANHATTAN,9,0,NA,FALSE,25-44,M,WHITE HISPANIC,25-44,M,BLACK HISPANIC,989622.9375,205257.125,POINT (-73.98061545999997 40.730066663000066),-19831.6211374472,-2636.65190744624,-73.98061546000002,40.730066663000095
109576337,04/14/2014,20:14:00,MANHATTAN,5,0,NA,FALSE,<18,M,BLACK,<18,M,BLACK,988026.3125,210001.109375,POINT (-73.98637354699997 40.74308855500004),-21428.2461374472,2107.33246755376,-73.98637354700003,40.743088555
85657851,07/09/2012,02:05:00,MANHATTAN,10,0,MULTI DWELL - PUBLIC HOUS,TRUE,25-44,M,BLACK,18-24,M,BLACK,984002.6875,211785.203125,POINT (-74.00089401199995 40.747986249000064),-25451.8711374472,3891.42621755376,-74.00089401200003,40.7479862490001
169761148,09/26/2017,16:20:00,MANHATTAN,13,2,MULTI DWELL - PUBLIC HOUS,FALSE,18-24,M,BLACK HISPANIC,<18,M,WHITE HISPANIC,989865.125,209424.8125,POINT (-73.97973814999995 40.74150578800004),-19589.4336374472,1531.03559255376,-73.97973815000003,40.741505788
79508633,06/26/2011,05:00:00,MANHATTAN,13,0,BAR/NIGHT CLUB,FALSE,NA,NA,NA,25-44,M,WHITE,988112.5625,206263.3125,POINT (-73.98606443599994 40.73282919000008),-21341.9961374472,-1630.46440744624,-73.98606443599992,40.73282919000009
73300652,06/18/2010,03:58:00,MANHATTAN,6,0,NA,FALSE,25-44,M,BLACK HISPANIC,18-24,M,BLACK,986159.8125,205842.328125,POINT (-73.99311052599995 40.731674328000054),-23294.7461374472,-2051.44878244624,-73.99311052600001,40.73167432800009
74279270,08/22/2010,03:57:00,MANHATTAN,9,0,BAR/NIGHT CLUB,TRUE,NA,NA,NA,25-44,M,BLACK,987241.5,203954.140625,POINT (-73.98920845599997 40.726491414000066),-22213.0586374472,-3939.63628244624,-73.98920845600001,40.726491414000094
146877501,10/12/2015,04:03:00,MANHATTAN,13,0,NA,TRUE,25-44,M,BLACK,18-24,F,BLACK,987111.5625,208704.234375,POINT (-73.98967523599998 40.739529299000026),-22342.9961374472,810.457467553759,-73.98967523600002,40.739529299
86830936,09/16/2012,02:21:00,MANHATTAN,1,0,NA,FALSE,18-24,M,WHITE HISPANIC,<18,M,WHITE,984770.8125,203480.484375,POINT (-73.99812245099997 40.72519183300005),-24683.7461374472,-4413.29253244624,-73.99812245100001,40.72519183300009
208071994,01/16/2020,15:21:00,MANHATTAN,9,0,NA,FALSE,18-24,M,BLACK,25-44,M,BLACK,990662.3125,204061.984375,POINT (-73.97686644999999 40.726785601000074),-18792.2461374472,-3831.79253244624,-73.97686645000003,40.7267856010001
16631460,05/23/2006,23:03:00,MANHATTAN,10,0,BAR/NIGHT CLUB,TRUE,25-44,M,BLACK,18-24,M,BLACK,982499.4375,211690.828125,POINT (-74.00631929199994 40.747727043000054),-26955.1211374472,3797.05121755376,-74.00631929199992,40.74772704300008
24516762,09/26/2006,14:38:00,MANHATTAN,10,0,NA,FALSE,18-24,M,BLACK,25-44,M,WHITE HISPANIC,984459.5625,212286.78125,POINT (-73.99924511099994 40.74936295600003),-24994.9961374472,4393.00434255376,-73.99924511099992,40.74936295599999
157639146,10/16/2016,00:49:00,MANHATTAN,13,0,NA,FALSE,45-64,M,BLACK,25-44,M,BLACK,985716.0625,209910.578125,POINT (-73.99471076399993 40.74284075500003),-23738.4961374472,2016.80121755376,-73.99471076399995,40.74284075500001
57325752,02/16/2009,05:24:00,MANHATTAN,6,0,RESTAURANT/DINER,FALSE,25-44,M,BLACK,25-44,M,WHITE HISPANIC,986175.9375,205173.171875,POINT (-73.99305253499995 40.72983765400005),-23278.6211374472,-2720.60503244624,-73.99305253500002,40.7298376540001
73725992,07/18/2010,05:03:00,MANHATTAN,1,0,BAR/NIGHT CLUB,TRUE,18-24,M,BLACK,25-44,M,BLACK,982190,203997,POINT (-74.00743370699996 40.726609317000054),-27264.5586374472,-3896.77690744624,-74.00743370700003,40.7266093170001
201575315,08/26/2019,03:23:00,MANHATTAN,5,2,MULTI DWELL - PUBLIC HOUS,FALSE,NA,NA,NA,18-24,M,WHITE HISPANIC,986929.125,202081.515625,POINT (-73.99033621399997 40.721351611000046),-22525.4336374472,-5812.26128244624,-73.99033621400002,40.721351610999996
75258713,10/26/2010,20:56:00,MANHATTAN,7,0,NA,FALSE,18-24,M,WHITE HISPANIC,45-64,F,BLACK HISPANIC,988900.625,201538,POINT (-73.98322419099999 40.71985897500008),-20553.9336374472,-6355.77690744624,-73.98322419100003,40.7198589750001
187133718,08/31/2018,23:16:00,MANHATTAN,13,0,NA,FALSE,25-44,F,BLACK,25-44,M,BLACK,989738.375,209197.015625,POINT (-73.98019573899995 40.74088062200008),-19716.1836374472,1303.23871755376,-73.98019573900002,40.74088062200009
214690556,06/26/2020,00:30:00,MANHATTAN,13,0,NA,FALSE,25-44,M,BLACK,18-24,F,WHITE HISPANIC,987583.4375,210248,POINT (-73.98797166599996 40.74376638700005),-21871.1211374472,2354.22309255376,-73.98797166600004,40.7437663870001
194525843,03/10/2019,05:38:00,MANHATTAN,13,0,NA,FALSE,25-44,M,WHITE HISPANIC,45-64,M,BLACK,990300,209478,POINT (-73.97816876899998 40.74165148800006),-19154.5586374472,1584.22309255376,-73.97816876900002,40.7416514880001
75258713,10/26/2010,20:56:00,MANHATTAN,7,0,NA,FALSE,18-24,M,WHITE HISPANIC,45-64,M,BLACK HISPANIC,988900.625,201538,POINT (-73.98322419099999 40.71985897500008),-20553.9336374472,-6355.77690744624,-73.98322419100003,40.7198589750001
67390154,11/01/2009,01:30:00,MANHATTAN,6,0,NA,FALSE,UNKNOWN,U,UNKNOWN,18-24,M,BLACK,983797.25,207177.578125,POINT (-74.00163513599995 40.73533945600008),-25657.3086374472,-716.198782446241,-74.00163513600003,40.7353394560001
141042044,02/18/2015,01:29:00,MANHATTAN,10,2,MULTI DWELL - PUBLIC HOUS,FALSE,25-44,M,BLACK,18-24,M,BLACK,982756.375,210140,POINT (-74.00539165099997 40.743470456000075),-26698.1836374472,2246.22309255376,-74.00539165100002,40.74347045600009
46361466,05/10/2008,04:10:00,MANHATTAN,9,0,BAR/NIGHT CLUB,FALSE,18-24,M,WHITE HISPANIC,25-44,M,WHITE HISPANIC,987633.125,203879.625,POINT (-73.98779555399994 40.72628674600003),-21821.4336374472,-4014.15190744624,-73.98779555399992,40.72628674599999
148364099,12/08/2015,04:11:00,MANHATTAN,6,0,NA,FALSE,NA,NA,NA,25-44,M,BLACK,982967.625,208665.484375,POINT (-74.00462900999997 40.739423309000074),-26486.9336374472,771.707467553759,-74.00462901000003,40.739423309000095
86437458,08/24/2012,09:04:00,MANHATTAN,14,0,COMMERCIAL BLDG,TRUE,45-64,M,WHITE,25-44,M,WHITE,987978.9375,211938.515625,POINT (-73.98654344099998 40.748406271000086),-21475.6211374472,4044.73871755376,-73.98654344100001,40.74840627100009
74044370,08/07/2010,23:03:00,MANHATTAN,9,0,NA,FALSE,18-24,M,BLACK,25-44,M,BLACK,987360.6875,206352.28125,POINT (-73.98877733299999 40.73307368400003),-22093.8711374472,-1541.49565744624,-73.98877733300002,40.733073684
16631460,05/23/2006,23:03:00,MANHATTAN,10,0,BAR/NIGHT CLUB,TRUE,25-44,M,BLACK,25-44,M,WHITE HISPANIC,982499.4375,211690.828125,POINT (-74.00631929199994 40.747727043000054),-26955.1211374472,3797.05121755376,-74.00631929199992,40.74772704300008
156246000,08/27/2016,00:18:00,MANHATTAN,13,0,MULTI DWELL - APT BUILD,FALSE,45-64,M,BLACK HISPANIC,45-64,F,ASIAN / PACIFIC ISLANDER,986463.875,208226.625,POINT (-73.99201263199996 40.73821856500007),-22990.6836374472,332.848092553759,-73.99201263200003,40.738218565000096
65010708,08/23/2009,04:29:00,MANHATTAN,9,0,NA,FALSE,25-44,M,WHITE HISPANIC,25-44,M,WHITE HISPANIC,989622.9375,205257.125,POINT (-73.98061545999997 40.730066663000066),-19831.6211374472,-2636.65190744624,-73.98061546000002,40.730066663000095
197016008,05/09/2019,01:32:00,MANHATTAN,1,0,BAR/NIGHT CLUB,FALSE,18-24,M,WHITE HISPANIC,25-44,M,BLACK HISPANIC,982761.5,204594.59375,POINT (-74.00537192799999 40.72824968200007),-26693.0586374472,-3299.18315744624,-74.00537192800002,40.72824968200009
73647519,07/12/2010,22:30:00,MANHATTAN,9,2,MULTI DWELL - PUBLIC HOUS,FALSE,NA,NA,NA,25-44,M,BLACK,990377.8125,204681.3125,POINT (-73.97789233399999 40.72848570700006),-19076.7461374472,-3212.46440744624,-73.97789233400003,40.7284857070001
64804438,08/16/2009,04:57:00,MANHATTAN,9,0,PHOTO/COPY STORE,FALSE,25-44,M,BLACK,25-44,M,BLACK HISPANIC,990725,204176,POINT (-73.97664016999994 40.72709850100006),-18729.5586374472,-3717.77690744624,-73.97664016999994,40.72709850100009
75356376,11/01/2010,23:20:00,MANHATTAN,6,0,MULTI DWELL - APT BUILD,FALSE,25-44,M,BLACK,18-24,M,WHITE,984024.75,204863.984375,POINT (-74.00081415399995 40.72898921600006),-25429.8086374472,-3029.79253244624,-74.00081415400001,40.728989216000095
204154391,10/23/2019,15:16:00,MANHATTAN,10,2,MULTI DWELL - PUBLIC HOUS,FALSE,18-24,M,WHITE HISPANIC,25-44,M,WHITE HISPANIC,982756.375,210140,POINT (-74.00539165099997 40.743470456000075),-26698.1836374472,2246.22309255376,-74.00539165100002,40.74347045600009
50703403,09/01/2008,04:15:00,MANHATTAN,9,0,BAR/NIGHT CLUB,FALSE,UNKNOWN,M,BLACK,18-24,M,BLACK,987125.8125,202964.578125,POINT (-73.98962626499997 40.72377534300006),-22328.7461374472,-4929.19878244624,-73.989626265,40.72377534300009
81701068,11/15/2011,02:23:00,MANHATTAN,10,0,BAR/NIGHT CLUB,FALSE,45-64,M,BLACK,25-44,M,BLACK,982399.25,211453.25,POINT (-74.00668080699995 40.74707493100004),-27055.3086374472,3559.47309255376,-74.00668080700001,40.74707493099999
47044336,06/07/2008,03:40:00,MANHATTAN,13,0,BAR/NIGHT CLUB,FALSE,UNKNOWN,U,UNKNOWN,18-24,M,BLACK,986313.6875,209006.578125,POINT (-73.99255434899999 40.74035938000003),-23140.8711374472,1112.80121755376,-73.99255434900002,40.740359379999994
11118235,04/26/2006,21:05:00,MANHATTAN,6,0,NA,FALSE,UNKNOWN,U,UNKNOWN,25-44,M,BLACK,982301.125,204919.6875,POINT (-74.00703304699994 40.729141896000044),-27153.4336374472,-2974.08940744624,-74.00703304699992,40.72914189599999
46452064,05/14/2008,23:00:00,MANHATTAN,10,0,MULTI DWELL - PUBLIC HOUS,FALSE,<18,M,WHITE HISPANIC,45-64,M,WHITE HISPANIC,984685.6875,209908.390625,POINT (-73.99842915199997 40.74283486100006),-24768.8711374472,2014.61371755376,-73.99842915200003,40.7428348610001
74788924,09/26/2010,21:30:00,MANHATTAN,9,0,MULTI DWELL - APT BUILD,FALSE,18-24,M,ASIAN / PACIFIC ISLANDER,25-44,M,WHITE,987756,204106.046875,POINT (-73.98735211899998 40.72690817100005),-21698.5586374472,-3787.73003244624,-73.987352119,40.7269081710001
37902780,01/21/2008,06:01:00,MANHATTAN,10,0,RESTAURANT/DINER,FALSE,NA,NA,NA,25-44,M,BLACK,984276,211025.578125,POINT (-73.99990761599997 40.745901272000026),-25178.5586374472,3131.80121755376,-73.99990761600003,40.745901272
34307320,09/10/2007,04:24:00,MANHATTAN,10,0,NA,FALSE,UNKNOWN,U,UNKNOWN,25-44,M,BLACK,985902.0625,211177.828125,POINT (-73.99403921999995 40.74631900600008),-23552.4961374472,3284.05121755376,-73.99403921999993,40.74631900600009
87005768,10/01/2012,00:15:00,MANHATTAN,9,2,MULTI DWELL - PUBLIC HOUS,FALSE,NA,NA,NA,18-24,M,WHITE HISPANIC,990397.9375,204360.78125,POINT (-73.97782001599995 40.72760591300005),-19056.6211374472,-3532.99565744624,-73.97782001600001,40.727605913000104
48395043,07/16/2008,18:10:00,MANHATTAN,10,2,MULTI DWELL - PUBLIC HOUS,FALSE,25-44,M,BLACK,25-44,M,BLACK,983906.875,212138.046875,POINT (-74.00123982199995 40.748954714000035),-25547.6836374472,4244.26996755376,-74.00123982200002,40.748954714
146877501,10/12/2015,04:03:00,MANHATTAN,13,0,NA,FALSE,25-44,M,BLACK,18-24,F,BLACK,987111.5625,208704.234375,POINT (-73.98967523599998 40.739529299000026),-22342.9961374472,810.457467553759,-73.98967523600002,40.739529299
214690556,06/26/2020,00:30:00,MANHATTAN,13,0,NA,TRUE,25-44,M,BLACK,18-24,M,WHITE HISPANIC,987583.4375,210248,POINT (-73.98797166599996 40.74376638700005),-21871.1211374472,2354.22309255376,-73.98797166600004,40.7437663870001
94814972,02/07/2014,06:25:00,MANHATTAN,13,0,NA,FALSE,UNKNOWN,U,UNKNOWN,25-44,M,BLACK,986800.6875,209942.640625,POINT (-73.99079658699998 40.74292851200005),-22653.8711374472,2048.86371755376,-73.99079658700003,40.7429285120001
55756426,01/16/2009,15:09:00,MANHATTAN,9,0,NA,FALSE,<18,M,WHITE HISPANIC,18-24,M,WHITE HISPANIC,990199.5,202462.765625,POINT (-73.97853764599995 40.72239645600007),-19255.0586374472,-5431.01128244624,-73.978537646000035,40.722396456000105
165264183,05/27/2017,03:25:00,MANHATTAN,6,0,NA,FALSE,25-44,M,BLACK,25-44,M,BLACK,983190,208988.171875,POINT (-74.00382659999997 40.74030903700003),-26264.5586374472,1094.39496755376,-74.00382660000002,40.740309037
152736116,05/03/2016,20:30:00,MANHATTAN,10,2,MULTI DWELL - PUBLIC HOUS,FALSE,<18,M,BLACK,18-24,M,BLACK,983932.75,211976.4375,POINT (-74.00114642899996 40.748511138000026),-25521.8086374472,4082.66059255376,-74.00114642900002,40.748511138
216972671,08/24/2020,00:30:00,MANHATTAN,13,0,NA,FALSE,25-44,F,BLACK,25-44,M,BLACK,986109.375,210621.609375,POINT (-73.99329119199996 40.74479228400003),-23345.1836374472,2727.83246755376,-73.99329119200003,40.74479228399999
88560652,01/13/2013,19:51:00,MANHATTAN,10,2,MULTI DWELL - PUBLIC HOUS,FALSE,18-24,M,BLACK,18-24,M,BLACK,982992.5,210566.453125,POINT (-74.00453960199997 40.74464100000006),-26462.0586374472,2672.67621755376,-74.00453960200001,40.7446410000001
153415475,05/25/2016,22:15:00,MANHATTAN,13,0,BAR/NIGHT CLUB,TRUE,25-44,M,BLACK,25-44,F,BLACK,987561.4375,207048.265625,POINT (-73.98805263499997 40.73498391700008),-21893.1211374472,-845.511282446241,-73.98805263500003,40.7349839170001
35502285,11/02/2007,23:18:00,MANHATTAN,13,0,NA,TRUE,18-24,M,WHITE HISPANIC,45-64,M,WHITE,988853.8125,207600.609375,POINT (-73.98338891999998 40.73649938700004),-20600.7461374472,-293.167532446241,-73.98338892000001,40.736499387
203676929,10/13/2019,01:55:00,MANHATTAN,17,0,NA,FALSE,NA,NA,NA,25-44,M,BLACK,990804,210370,POINT (-73.97634911099995 40.744099446000064),-18650.5586374472,2476.22309255376,-73.97634911099992,40.7440994460001
23722472,08/05/2006,05:06:00,MANHATTAN,32,0,COMMERCIAL BLDG,FALSE,UNKNOWN,M,BLACK,25-44,M,BLACK,984783.6875,209156.59375,POINT (-73.99807555099994 40.74077136000005),-24670.8711374472,1262.81684255376,-73.99807555099993,40.7407713600001
15400549,05/11/2006,04:30:00,MANHATTAN,10,0,NA,TRUE,UNKNOWN,U,UNKNOWN,25-44,M,BLACK,984623,209859,POINT (-73.99865537999995 40.74269929900004),-24831.5586374472,1965.22309255376,-73.99865538000003,40.74269929899999
201573940,08/24/2019,02:10:00,MANHATTAN,5,2,MULTI DWELL - PUBLIC HOUS,FALSE,NA,NA,NA,45-64,M,WHITE HISPANIC,987296.6875,202424.796875,POINT (-73.98901003699996 40.72229371700007),-22157.8711374472,-5468.98003244624,-73.98901003700001,40.72229371700009
153415475,05/25/2016,22:15:00,MANHATTAN,13,0,BAR/NIGHT CLUB,FALSE,25-44,M,BLACK,25-44,F,BLACK,987561.4375,207048.265625,POINT (-73.98805263499997 40.73498391700008),-21893.1211374472,-845.511282446241,-73.98805263500003,40.7349839170001
153415475,05/25/2016,22:15:00,MANHATTAN,13,0,BAR/NIGHT CLUB,FALSE,25-44,M,BLACK,25-44,M,BLACK,987561.4375,207048.265625,POINT (-73.98805263499997 40.73498391700008),-21893.1211374472,-845.511282446241,-73.98805263500003,40.7349839170001
35502285,11/02/2007,23:18:00,MANHATTAN,13,0,NA,TRUE,25-44,M,WHITE HISPANIC,45-64,M,WHITE,988853.8125,207600.609375,POINT (-73.98338891999998 40.73649938700004),-20600.7461374472,-293.167532446241,-73.98338892000001,40.736499387
199134405,06/30/2019,04:24:00,MANHATTAN,10,2,MULTI DWELL - PUBLIC HOUS,FALSE,25-44,M,BLACK,25-44,F,BLACK,982756.375,210140,POINT (-74.00539165099997 40.743470456000075),-26698.1836374472,2246.22309255376,-74.00539165100002,40.74347045600009
153415475,05/25/2016,22:15:00,MANHATTAN,13,0,BAR/NIGHT CLUB,TRUE,25-44,M,BLACK,25-44,M,BLACK,987561.4375,207048.265625,POINT (-73.98805263499997 40.73498391700008),-21893.1211374472,-845.511282446241,-73.98805263500003,40.7349839170001
81213726,10/16/2011,02:04:00,MANHATTAN,9,2,MULTI DWELL - PUBLIC HOUS,TRUE,18-24,M,BLACK,18-24,M,WHITE HISPANIC,990397.9375,204360.78125,POINT (-73.97782001599995 40.72760591300005),-19056.6211374472,-3532.99565744624,-73.97782001600001,40.727605913000104
219392056,10/18/2020,17:50:00,MANHATTAN,13,1,NA,FALSE,45-64,F,WHITE HISPANIC,18-24,M,WHITE HISPANIC,984338,208351,POINT (-73.99968389599996 40.73856022100006),-25116.5586374472,457.223092553759,-73.99968389600001,40.73856022100009
66017109,09/21/2009,01:30:00,MANHATTAN,5,0,NA,FALSE,25-44,M,WHITE HISPANIC,18-24,M,BLACK HISPANIC,984750,201979,POINT (-73.99819765099994 40.72107062200007),-24704.5586374472,-5914.77690744624,-73.99819765099993,40.721070622000106
159248464,12/11/2016,01:48:00,MANHATTAN,9,0,NA,FALSE,45-64,M,WHITE,25-44,M,WHITE HISPANIC,987387.5625,203442.203125,POINT (-73.98868171699996 40.72508621900005),-22066.9961374472,-4451.57378244624,-73.98868171700002,40.72508621900009
213747896,06/01/2020,00:30:00,MANHATTAN,5,0,NA,FALSE,NA,NA,NA,18-24,M,WHITE,984952.3125,202783.84375,POINT (-73.99746770499996 40.72327971000004),-24502.2461374472,-5109.93315744624,-73.99746770500003,40.72327971
92570563,09/12/2013,00:10:00,MANHATTAN,1,0,BAR/NIGHT CLUB,FALSE,NA,NA,NA,25-44,M,BLACK,982761.5,204594.59375,POINT (-74.00537192799999 40.72824968200007),-26693.0586374472,-3299.18315744624,-74.00537192800002,40.72824968200009
140697169,01/25/2015,14:43:00,MANHATTAN,13,0,CHAIN STORE,TRUE,25-44,M,BLACK,25-44,M,BLACK,986691.4375,209690.8125,POINT (-73.99119093799999 40.74223733800005),-22763.1211374472,1797.03559255376,-73.99119093800002,40.74223733800009
24839844,10/17/2006,00:25:00,MANHATTAN,13,0,NA,FALSE,UNKNOWN,M,BLACK,25-44,M,BLACK,987002,209199,POINT (-73.99007039899993 40.740887343000054),-22452.5586374472,1305.22309255376,-73.99007039899992,40.740887343000104
